"Domain","CustomDomains","EndpointName","RouteName","Pattern","OriginGroup","AppServiceURLs"
"download-wink-frfphsdrdubfgkg4.z01.azurefd.net","sdm-downloadwink-com, newwebsite-downloadwink-com, www-downloadwink-com, downloadwink-com, orderoptical-essilorsource-ca, azurefd-downloadwink-com, twilio-downloadwink-com, ecomm-downloadwink-com, ecomm-touch-downloadwink-com, oms-downloadwink-com, specsavers-downloadwink-com, eradvantage-azure-downloadwink-com, eradvantage-downloadwink-com, attachment-downloadwink-com, ecomm-for-oms-downloadwink-com, tokai-orderoptical-com, testing-downloadwink-com, testing-orderoptical-com, webstart-azure-downloadwink-com, nikon-integrated-wink-nikonlenswear-com, oms-azure-downloadwink-com, visionstyle-orderoptical-com, akal-orderoptical-com, antoinelaoun-orderoptical-com, aos-orderoptical-com, calvin-orderoptical-com, centennial-orderoptical-com, csressilor-orderoptical-com, csrriverside-orderoptical-com, demoehr-orderoptical-com, essilor-orderoptical-com, essilorlabtolab-orderoptical-com, fyidoctors-orderoptical-com, independentlabs-orderoptical-com, kering-orderoptical-com, optoreseau-orderoptical-com, plasticplus-orderoptical-com, quantum-orderoptical-com, riverside-orderoptical-com, rxclub-orderoptical-com, sdl-orderoptical-com, shamir-orderoptical-com, testing-rxclub-orderoptical-com, topologynikon-orderoptical-com, visionalliance-orderoptical-com, visionrxlab-test-orderoptical-com, visionrxlab-orderoptical-com, visualeyes-orderoptical-com, westgroupe-orderoptical-com, zeiss-orderoptical-com, www-orderoptical-com, test-iris-downloadwink-com, download-wink-azurefd-net, loblaw-azure-downloadwink-com, server6-downloadwink-com, attachement-downloadwink-com-b8a2, nikon-integrated-wink-uat-downloadwink-com-8752","download-wink","httptohttps","/*","WINKweb","wnkweb-winkweb.azurewebsites.net"
"download-wink-frfphsdrdubfgkg4.z01.azurefd.net","azurefd-downloadwink-com, specsavers-downloadwink-com, download-wink-azurefd-net","download-wink","WINKweb","/Web/*","WINKweb","wnkweb-winkweb.azurewebsites.net"
"download-wink-frfphsdrdubfgkg4.z01.azurefd.net","azurefd-downloadwink-com, download-wink-azurefd-net","download-wink","EMRWebStaticRule","/*, /emrdev/*","EMRWebStatic","wnkwebstorage.z9.web.core.windows.net"
"download-wink-frfphsdrdubfgkg4.z01.azurefd.net","azurefd-downloadwink-com, download-wink-azurefd-net","download-wink","EHR39","/EHR-3.9/*","WINKweb","wnkweb-winkweb.azurewebsites.net"
"download-wink-frfphsdrdubfgkg4.z01.azurefd.net","sdm-downloadwink-com","download-wink","SDMRedirectToWeb","/","winkwebfornikonnew","wink-prod-winkweb-fromaws-new-fnhnffddcdaxf2f3.canadacentral-01.azurewebsites.net"
"download-wink-frfphsdrdubfgkg4.z01.azurefd.net","sdm-downloadwink-com","download-wink","SDM-Loblaw","/Web, /Web/*","winkwebfornikonnew","wink-prod-winkweb-fromaws-new-fnhnffddcdaxf2f3.canadacentral-01.azurewebsites.net"
"download-wink-frfphsdrdubfgkg4.z01.azurefd.net","azurefd-downloadwink-com, sdm-downloadwink-com, eradvantage-downloadwink-com, attachment-downloadwink-com, tokai-orderoptical-com, testing-downloadwink-com, testing-orderoptical-com, nikon-integrated-wink-nikonlenswear-com, orderoptical-essilorsource-ca, visionstyle-orderoptical-com, akal-orderoptical-com, antoinelaoun-orderoptical-com, aos-orderoptical-com, calvin-orderoptical-com, centennial-orderoptical-com, csressilor-orderoptical-com, csrriverside-orderoptical-com, demoehr-orderoptical-com, essilor-orderoptical-com, essilorlabtolab-orderoptical-com, fyidoctors-orderoptical-com, independentlabs-orderoptical-com, kering-orderoptical-com, optoreseau-orderoptical-com, plasticplus-orderoptical-com, quantum-orderoptical-com, riverside-orderoptical-com, rxclub-orderoptical-com, sdl-orderoptical-com, shamir-orderoptical-com, testing-rxclub-orderoptical-com, topologynikon-orderoptical-com, visionalliance-orderoptical-com, visionrxlab-test-orderoptical-com, visionrxlab-orderoptical-com, visualeyes-orderoptical-com, westgroupe-orderoptical-com, zeiss-orderoptical-com, www-orderoptical-com, download-wink-azurefd-net, orderoptical-com-2bb4, server6-downloadwink-com, attachement-downloadwink-com-b8a2","download-wink","WinkRestvWinkWeb","/WinkRESTvWinkWeb/*","WinkRestvWinkWeb","winkrestvwinkweb.azurewebsites.net"
"download-wink-frfphsdrdubfgkg4.z01.azurefd.net","azurefd-downloadwink-com, sdm-downloadwink-com, download-wink-azurefd-net","download-wink","WinkOnlineBooking","/WinkOnlineBooking, /WinkOnlineBooking/*","WinkOnlineBooking","winkonlinebooking.azurewebsites.net"
"download-wink-frfphsdrdubfgkg4.z01.azurefd.net","www-downloadwink-com, downloadwink-com","download-wink","WinkWebsiteRoutingRule","/, /*, /fr/*","NewWinkWebsite","68.183.206.0"
"download-wink-frfphsdrdubfgkg4.z01.azurefd.net","azurefd-downloadwink-com, download-wink-azurefd-net","download-wink","WinkRESTvEHR-410","/WinkRESTvEHR-410/*","EHR-410-rest","wink-ehr410-rest.azurewebsites.net"
"download-wink-frfphsdrdubfgkg4.z01.azurefd.net","azurefd-downloadwink-com, download-wink-azurefd-net","download-wink","EHR-410","/EHR-410/*","EHR-410","wink-ehr410.azurewebsites.net"
"download-wink-frfphsdrdubfgkg4.z01.azurefd.net","azurefd-downloadwink-com, download-wink-azurefd-net","download-wink","EHR-411","/EHR-411/*","EHR-411","wink-ehr411.azurewebsites.net"
"download-wink-frfphsdrdubfgkg4.z01.azurefd.net","azurefd-downloadwink-com, download-wink-azurefd-net","download-wink","WinkRESTvEHR-411","/WinkRESTvEHR-411/*","EHR-411-rest","wink-ehr411-rest.azurewebsites.net"
"download-wink-frfphsdrdubfgkg4.z01.azurefd.net","azurefd-downloadwink-com, download-wink-azurefd-net","download-wink","EHR-412","/EHR-412/*","EHR-412","wink-ehr412-hikari.azurewebsites.net"
"download-wink-frfphsdrdubfgkg4.z01.azurefd.net","azurefd-downloadwink-com, twilio-downloadwink-com, download-wink-azurefd-net","download-wink","TwilioWebHook","/TwilioWebHook/*","TwilioWebHook","wink-prod-app-twiliowebhook-can-central-gpcubcd8dehsf8bu.canadacentral-01.azurewebsites.net"
"download-wink-frfphsdrdubfgkg4.z01.azurefd.net","azurefd-downloadwink-com, download-wink-azurefd-net","download-wink","WinkRESTvEHR-412","/WinkRESTvEHR-412/*","EHR-412-rest","wink-ehr412-rest-hikari.azurewebsites.net"
"download-wink-frfphsdrdubfgkg4.z01.azurefd.net","azurefd-downloadwink-com, download-wink-azurefd-net","download-wink","WinkHolderRESTv5006020","/WinkHolderRESTv5.00.60.20/*","5006020-hold","wink-prod-app-winkhold-5006020-can-central.azurewebsites.net"
"download-wink-frfphsdrdubfgkg4.z01.azurefd.net","azurefd-downloadwink-com, download-wink-azurefd-net","download-wink","WinkRESTv5006020","/WinkRESTv5.00.60.20/*","5006020-rest","wink-prod-app-winkrest-5006020-can-central.azurewebsites.net"
"download-wink-frfphsdrdubfgkg4.z01.azurefd.net","ecomm-downloadwink-com, ecomm-touch-downloadwink-com, oms-downloadwink-com, azurefd-downloadwink-com","download-wink","wink-ecomm","/wink-ecomm/*","wink-ecommV5-new","wink-prod-app-winkecomm57-can-central-etd2bmb9ghb6bwfr.canadacentral-01.azurewebsites.net"
"download-wink-frfphsdrdubfgkg4.z01.azurefd.net","ecomm-downloadwink-com, ecomm-touch-downloadwink-com, oms-downloadwink-com, azurefd-downloadwink-com","download-wink","wink-ecommV5","/wink-ecommV5/*","wink-ecommV5-new","wink-prod-app-winkecomm57-can-central-etd2bmb9ghb6bwfr.canadacentral-01.azurewebsites.net"
"download-wink-frfphsdrdubfgkg4.z01.azurefd.net","ecomm-downloadwink-com, ecomm-touch-downloadwink-com, oms-downloadwink-com, azurefd-downloadwink-com","download-wink","wink-ecommV4","/wink-ecommV4/*","wink-ecommV5-new","wink-prod-app-winkecomm57-can-central-etd2bmb9ghb6bwfr.canadacentral-01.azurewebsites.net"
"download-wink-frfphsdrdubfgkg4.z01.azurefd.net","ecomm-downloadwink-com, ecomm-touch-downloadwink-com, oms-downloadwink-com, azurefd-downloadwink-com","download-wink","wink-ecommV2","/wink-ecommV2/*","wink-ecommV5-new","wink-prod-app-winkecomm57-can-central-etd2bmb9ghb6bwfr.canadacentral-01.azurewebsites.net"
"download-wink-frfphsdrdubfgkg4.z01.azurefd.net","webstart-azure-downloadwink-com, webstart-downloadwink-com-95a7","download-wink","webstart","/webstart/*","webstart","wink-prod-app-webstart-can-central-dvh8ftdwa4h2eybw.canadacentral-01.azurewebsites.net"
"download-wink-frfphsdrdubfgkg4.z01.azurefd.net","twilio-downloadwink-com","download-wink","WinkWebTest","/Web/*","WINKwebTest","wnkweb-winkweb-test.azurewebsites.net"
"download-wink-frfphsdrdubfgkg4.z01.azurefd.net","azurefd-downloadwink-com, download-wink-azurefd-net","download-wink","EHR-412-3","/EHR-412-3/*","EHR-412-3","wink-ehr412-3.azurewebsites.net"
"download-wink-frfphsdrdubfgkg4.z01.azurefd.net","specsavers-downloadwink-com, twilio-downloadwink-com","download-wink","wink-online-booking","/onlinebooking/*","wink-online-booking","wink-online-booking.azurewebsites.net"
"download-wink-frfphsdrdubfgkg4.z01.azurefd.net","downloadwink-com, specsavers-downloadwink-com, download-wink-azurefd-net","download-wink","wink-iframe-test","/iframe/*","wink-iframe-test","wink-iframe-test.azurewebsites.net"
"download-wink-frfphsdrdubfgkg4.z01.azurefd.net","azurefd-downloadwink-com, download-wink-azurefd-net","download-wink","WinkHolderRESTv6001203","/WinkHolderRESTv6.00.12.03/*","6001203-hold","wink-prod-app-winkhold-6001203-new-can-central.azurewebsites.net"
"download-wink-frfphsdrdubfgkg4.z01.azurefd.net","azurefd-downloadwink-com, download-wink-azurefd-net","download-wink","WinkRESTv6001203","/WinkRESTv6.00.12.03/*","6001203-rest","wink-prod-app-winkrest-6001203-can-central.azurewebsites.net"
"download-wink-frfphsdrdubfgkg4.z01.azurefd.net","azurefd-downloadwink-com, download-wink-azurefd-net","download-wink","WinkRESTvEHR-412-3","/WinkRESTvEHR-412-3/*","EHR-412-3-rest","wink-ehr412-3-rest.azurewebsites.net"
"download-wink-frfphsdrdubfgkg4.z01.azurefd.net","specsavers-downloadwink-com","download-wink","WinkHolderRESTv6001203-ss","/WinkHolderRESTv6.00.12.03/*","6001203-winkhold-ss","wink-prod-app-winkhold-6001203-ss-can-central.azurewebsites.net"
"download-wink-frfphsdrdubfgkg4.z01.azurefd.net","specsavers-downloadwink-com","download-wink","WinkRESTv6001203-ss","/WinkRESTv6.00.12.03/*","6001203-rest-ss","wink-prod-app-winkrest-6001203-ss-can-central.azurewebsites.net"
"download-wink-frfphsdrdubfgkg4.z01.azurefd.net","tokai-orderoptical-com, loblaw-azure-downloadwink-com, visionstyle-orderoptical-com, aos-orderoptical-com, centennial-orderoptical-com, essilor-orderoptical-com, essilorlabtolab-orderoptical-com, fyidoctors-orderoptical-com, kering-orderoptical-com, quantum-orderoptical-com, rxclub-orderoptical-com, sdl-orderoptical-com, testing-rxclub-orderoptical-com, visionrxlab-test-orderoptical-com, visionrxlab-orderoptical-com, visualeyes-orderoptical-com, westgroupe-orderoptical-com, zeiss-orderoptical-com, calvin-orderoptical-com, baileynelson-downloadwink-com","download-wink","winkwebaws","/","WINKweb","wnkweb-winkweb.azurewebsites.net"
"download-wink-frfphsdrdubfgkg4.z01.azurefd.net","tokai-orderoptical-com, loblaw-azure-downloadwink-com, visionstyle-orderoptical-com, aos-orderoptical-com, centennial-orderoptical-com, essilor-orderoptical-com, essilorlabtolab-orderoptical-com, fyidoctors-orderoptical-com, kering-orderoptical-com, quantum-orderoptical-com, rxclub-orderoptical-com, sdl-orderoptical-com, testing-rxclub-orderoptical-com, visionrxlab-test-orderoptical-com, visionrxlab-orderoptical-com, visualeyes-orderoptical-com, westgroupe-orderoptical-com, zeiss-orderoptical-com, calvin-orderoptical-com, baileynelson-downloadwink-com","download-wink","winkwebaws2","/Web, /Web/*","winkwebfromaws","wink-prod-winkweb-fromaws.azurewebsites.net"
"download-wink-frfphsdrdubfgkg4.z01.azurefd.net","ecomm-for-oms-downloadwink-com, oms-azure-downloadwink-com","download-wink","wink-ecommV5forOMS","/wink-ecommV5/*","wink-ecommV5-for-oms","wink-prod-ecommv5-oms-specific.azurewebsites.net"
"download-wink-frfphsdrdubfgkg4.z01.azurefd.net","azurefd-downloadwink-com, download-wink-azurefd-net","download-wink","WinkHolderRESTv6001205","/WinkHolderRESTv6.00.12.05/*","6001205-hold","wink-prod-app-winkhold-6001205-can-central.azurewebsites.net"
"download-wink-frfphsdrdubfgkg4.z01.azurefd.net","azurefd-downloadwink-com, download-wink-azurefd-net","download-wink","WinkRESTv6001205","/WinkRESTv6.00.12.05/*","6001205-rest","wink-prod-app-winkrest-6001205-can-central.azurewebsites.net"
"download-wink-frfphsdrdubfgkg4.z01.azurefd.net","loblaw-azure-downloadwink-com","download-wink","WinkHolderRESTv6001205-loblaw","/WinkHolderRESTv6.00.12.05/*","6001205-hold-loblaw","wink-prod-app-winkhold-6001205-loblaw-can-central.azurewebsites.net"
"download-wink-frfphsdrdubfgkg4.z01.azurefd.net","loblaw-azure-downloadwink-com","download-wink","WinkRESTv6001205-loblaw","/WinkRESTv6.00.12.05/*","6001205-rest-loblaw","wink-prod-app-winkrest-6001205-loblaw-can-central.azurewebsites.net"
"download-wink-frfphsdrdubfgkg4.z01.azurefd.net","oms-downloadwink-com, oms-azure-downloadwink-com","download-wink","wink-b2b-oms-routing","/winkb2b, /winkb2b/*","wink-b2b-oms","wink-prod-app-winkb2b.azurewebsites.net"
"download-wink-frfphsdrdubfgkg4.z01.azurefd.net","oms-downloadwink-com, oms-azure-downloadwink-com","download-wink","wink-b2b-oms-routing2","/","WINKweb","wnkweb-winkweb.azurewebsites.net"
"download-wink-frfphsdrdubfgkg4.z01.azurefd.net","loblaw-azure-downloadwink-com","download-wink","WinkHolderRESTv6001205a-loblaw","/WinkHolderRESTv6.00.12.05a/*","6001205a-hold-loblaw","wink-prod-app-winkhold-6001205a-loblaw-can-central.azurewebsites.net"
"download-wink-frfphsdrdubfgkg4.z01.azurefd.net","loblaw-azure-downloadwink-com","download-wink","WinkRESTv6001205a-loblaw","/WinkRESTv6.00.12.05a/*","6001205a-rest-loblaw","wink-prod-app-winkrest-6001205a-loblaw-can-central.azurewebsites.net"
"download-wink-frfphsdrdubfgkg4.z01.azurefd.net","loblaw-azure-downloadwink-com","download-wink","WinkHolderRESTv6001205b-loblaw","/WinkHolderRESTv6.00.12.05b/*","6001205b-hold-loblaw","wink-prod-app-winkhold-6001205b-loblaw-can-central.azurewebsites.net"
"download-wink-frfphsdrdubfgkg4.z01.azurefd.net","loblaw-azure-downloadwink-com","download-wink","WinkRESTv6001205b-loblaw","/WinkRESTv6.00.12.05b/*","6001205b-rest-loblaw","wink-prod-app-winkrest-6001205b-loblaw-can-central.azurewebsites.net"
"download-wink-frfphsdrdubfgkg4.z01.azurefd.net","azurefd-downloadwink-com, download-wink-azurefd-net","download-wink","WinkHolderRESTv6001205a","/WinkHolderRESTv6.00.12.05a/*","6001205a-hold","wink-hold-5a-new-fhbqhffae6cchufm.canadacentral-01.azurewebsites.net"
"download-wink-frfphsdrdubfgkg4.z01.azurefd.net","azurefd-downloadwink-com, download-wink-azurefd-net","download-wink","WinkRESTv6001205a","/WinkRESTv6.00.12.05a/*","6001205a-rest","wink-prod-app-winkrest-6001205a-can-central.azurewebsites.net"
"download-wink-frfphsdrdubfgkg4.z01.azurefd.net","loblaw-azure-downloadwink-com","download-wink","WinkHolderRESTv6001205c-loblaw","/WinkHolderRESTv6.00.12.05c/*","6001205c-hold-loblaw","wink-prod-app-winkhold-6001205c-loblaw-can-central.azurewebsites.net"
"download-wink-frfphsdrdubfgkg4.z01.azurefd.net","loblaw-azure-downloadwink-com","download-wink","WinkRESTv6001205c-loblaw","/WinkRESTv6.00.12.05c/*","6001205c-rest-loblaw","wink-prod-app-winkrest-6001205c-loblaw-can-central.azurewebsites.net"
"download-wink-frfphsdrdubfgkg4.z01.azurefd.net","azurefd-downloadwink-com, download-wink-azurefd-net","download-wink","WinkHolderRESTv6001206","/WinkHolderRESTv6.00.12.06/*","6001206-hold","wink-prod-app-winkhold-6001206-can-central.azurewebsites.net"
"download-wink-frfphsdrdubfgkg4.z01.azurefd.net","azurefd-downloadwink-com, download-wink-azurefd-net","download-wink","WinkRESTv6001206","/WinkRESTv6.00.12.06/*","6001206-rest","wink-prod-app-winkrest-6001206-can-central.azurewebsites.net"
"download-wink-frfphsdrdubfgkg4.z01.azurefd.net","specsavers-downloadwink-com","download-wink","WinkHolderRESTv6001205a-ss","/WinkHolderRESTv6.00.12.05a/*","6001205a-hold-ss","wink-prod-app-winkhold-6001205a-ss-can-central.azurewebsites.net"
"download-wink-frfphsdrdubfgkg4.z01.azurefd.net","specsavers-downloadwink-com","download-wink","WinkRESTv6001205a-ss","/WinkRESTv6.00.12.05a/*","6001205a-rest-ss","wink-prod-app-winkrest-6001205a-ss-can-central.azurewebsites.net"
"download-wink-frfphsdrdubfgkg4.z01.azurefd.net","loblaw-azure-downloadwink-com","download-wink","WinkHolderRESTv6001205d-loblaw","/WinkHolderRESTv6.00.12.05d/*","6001205d-hold-loblaw","wink-prod-app-winkhold-6001205d-loblaw-can-central.azurewebsites.net"
"download-wink-frfphsdrdubfgkg4.z01.azurefd.net","loblaw-azure-downloadwink-com","download-wink","WinkRESTv6001205d-loblaw","/WinkRESTv6.00.12.05d/*","6001205d-rest-loblaw","wink-prod-app-winkrest-6001205d-loblaw-can-central.azurewebsites.net"
"download-wink-frfphsdrdubfgkg4.z01.azurefd.net","azurefd-downloadwink-com, download-wink-azurefd-net","download-wink","WinkHolderRESTv6001207a","/WinkHolderRESTv6.00.12.07a/*","6001207a-hold","wink-prod-app-winkhold-6001207a-can-central-bqevfhfdendaegcp.canadacentral-01.azurewebsites.net"
"download-wink-frfphsdrdubfgkg4.z01.azurefd.net","azurefd-downloadwink-com, download-wink-azurefd-net","download-wink","WinkRESTv6001207a","/WinkRESTv6.00.12.07a/*","6001207a-rest","wink-prod-app-winkrest-6001207a-can-central-cfceehavcnfqebg5.canadacentral-01.azurewebsites.net"
"download-wink-frfphsdrdubfgkg4.z01.azurefd.net","azurefd-downloadwink-com, download-wink-azurefd-net","download-wink","WinkHolderRESTv6001208","/WinkHolderRESTv6.00.12.08/*","6001208-hold","wink-prod-app-winkhold-6001208-can-central-fzevg8a3ckbpfdav.canadacentral-01.azurewebsites.net"
"download-wink-frfphsdrdubfgkg4.z01.azurefd.net","azurefd-downloadwink-com, download-wink-azurefd-net","download-wink","WinkRESTv6001208","/WinkRESTv6.00.12.08/*","6001208-rest","wink-prod-app-winkrest-6001208-can-central-akeuaqbufdfmgpgx.canadacentral-01.azurewebsites.net"
"download-wink-frfphsdrdubfgkg4.z01.azurefd.net","ecomm-new-downloadwink-com","download-wink","wink-ecommV5-new","/wink-ecommV5/*, /wink-ecommV4/*","wink-ecommV5-new","wink-prod-app-winkecomm57-can-central-etd2bmb9ghb6bwfr.canadacentral-01.azurewebsites.net"
"download-wink-frfphsdrdubfgkg4.z01.azurefd.net","azurefd-downloadwink-com, download-wink-azurefd-net","download-wink","WinkRESTv6001207","/WinkRESTv6.00.12.07/*","6001207-rest","wink-prod-app-winkrest-6001207-can-central.azurewebsites.net"
"download-wink-frfphsdrdubfgkg4.z01.azurefd.net","azurefd-downloadwink-com, download-wink-azurefd-net","download-wink","WinkHolderRESTv6001207","/WinkHolderRESTv6.00.12.07/*","6001207-hold","wink-prod-app-winkhold-6001207-can-central.azurewebsites.net"
"download-wink-frfphsdrdubfgkg4.z01.azurefd.net","azurefd-downloadwink-com, download-wink-azurefd-net","download-wink","WinkHolderRESTv6001207b","/WinkHolderRESTv6.00.12.07b/*","6001207b-hold","wink-prod-app-winkhold-6001207b-can-central-hufqeaddccghe3g3.canadacentral-01.azurewebsites.net"
"download-wink-frfphsdrdubfgkg4.z01.azurefd.net","azurefd-downloadwink-com, download-wink-azurefd-net","download-wink","WinkRESTv6001207b","/WinkRESTv6.00.12.07b/*","6001207b-rest","wink-prod-app-winkrest-6001207b-can-central-eqhqhaceb3b2cjaq.canadacentral-01.azurewebsites.net"
"download-wink-frfphsdrdubfgkg4.z01.azurefd.net","testing-orderoptical-com, testazure-downloadwink-com, nikon-b2b-qa-downloadwink-com, eradvantage-azure-downloadwink-com, eradvantage-downloadwink-com, nikon-integrated-wink-nikonlenswear-com, antoinelaoun-orderoptical-com, optoreseau-orderoptical-com, independentlabs-orderoptical-com, topologynikon-orderoptical-com, machineinterface-downloadwink-com, akal-orderoptical-com, testing-downloadwink-com, plasticplus-orderoptical-com, shamir-orderoptical-com, visionalliance-orderoptical-com, orderoptical-com-2bb4, www-orderoptical-com, csrriverside-orderoptical-com, riverside-orderoptical-com, demoehr-orderoptical-com, csressilor-orderoptical-com, orderoptical-essilorsource-ca, nikon-csr-downloadwink-com-9113","download-wink","winkwebnikon","/","WINKweb","wnkweb-winkweb.azurewebsites.net"
"download-wink-frfphsdrdubfgkg4.z01.azurefd.net","testing-orderoptical-com, testazure-downloadwink-com, nikon-b2b-qa-downloadwink-com, eradvantage-azure-downloadwink-com, eradvantage-downloadwink-com, nikon-integrated-wink-nikonlenswear-com, antoinelaoun-orderoptical-com, independentlabs-orderoptical-com, topologynikon-orderoptical-com, optoreseau-orderoptical-com, machineinterface-downloadwink-com, akal-orderoptical-com, testing-downloadwink-com, plasticplus-orderoptical-com, shamir-orderoptical-com, visionalliance-orderoptical-com, www-orderoptical-com, orderoptical-com-2bb4, riverside-orderoptical-com, demoehr-orderoptical-com, csressilor-orderoptical-com, csrriverside-orderoptical-com, orderoptical-essilorsource-ca, nikon-csr-downloadwink-com-9113","download-wink","winkwebnikon2","/Web, /Web/*","winkwebfornikonnew","wink-prod-winkweb-fromaws-new-fnhnffddcdaxf2f3.canadacentral-01.azurewebsites.net"
"download-wink-frfphsdrdubfgkg4.z01.azurefd.net","azurefd-downloadwink-com, download-wink-azurefd-net","download-wink","WinkRESTvEHR-409","/WinkRESTvEHR-409/*","EHR-409-rest","wink-ehr409-rest.azurewebsites.net"
"download-wink-frfphsdrdubfgkg4.z01.azurefd.net","azurefd-downloadwink-com, download-wink-azurefd-net","download-wink","WinkOnlineBookingStaticRule","/winkonlinebookingV2/*","WinkOnlineBookingStatic","wnkonlinebookingstorage.z9.web.core.windows.net"
"download-wink-frfphsdrdubfgkg4.z01.azurefd.net","azurefd-downloadwink-com, orderoptical-essilorsource-ca, download-wink-azurefd-net","download-wink","WinkWebSocket","/WinkWebSocket/*","WinkWebSocket","winkwebsocket.azurewebsites.net"
"download-wink-frfphsdrdubfgkg4.z01.azurefd.net","azurefd-downloadwink-com, download-wink-azurefd-net","download-wink","WinkRestvWinkWeb1208","/WinkRESTvWinkWeb1208/*","winkrestvwinkweb1208","winkrestvwinkweb1208-a9hte3eyeueqbsad.canadacentral-01.azurewebsites.net"
"download-wink-frfphsdrdubfgkg4.z01.azurefd.net","azurefd-downloadwink-com, download-wink-azurefd-net","download-wink","wink-prod-winkehr","/wink-ehr/*","wink-prod-winkehr","wink-prod-app-winkehr-bsbbgphub5akh9ag.canadacentral-01.azurewebsites.net"
"download-wink-frfphsdrdubfgkg4.z01.azurefd.net","azurefd-downloadwink-com, download-wink-azurefd-net","download-wink","wink-prod-winkehr-rest","/wink-ehr-rest/*","wink-prod-winkehr-rest","wink-prod-app-winkehr-rest-etcjhje0e4hadfdp.canadacentral-01.azurewebsites.net"
"download-wink-frfphsdrdubfgkg4.z01.azurefd.net","azurefd-downloadwink-com","download-wink","WinkHolderRESTv6001208a","/WinkHolderRESTv6.00.12.08a/*","6001208a-hold","wink-prod-app-winkhold-6001208a-can-central-cgf8dub2f0gce7gm.canadacentral-01.azurewebsites.net"
"download-wink-frfphsdrdubfgkg4.z01.azurefd.net","azurefd-downloadwink-com","download-wink","WinkRESTv6001208a","/WinkRESTv6.00.12.08a/*","6001208a-rest","wink-prod-app-winkrest-6001208a-can-central-d3f3e3bmdzamfseg.canadacentral-01.azurewebsites.net"
"download-wink-frfphsdrdubfgkg4.z01.azurefd.net","loblaw-azure-downloadwink-com","download-wink","6001208a-hold-loblaw","/WinkHolderRESTv6.00.12.08a/*","6001208a-hold-loblaw","wink-prod-winkhold-6001208a-loblaw-fkdda0ategbbemg6.canadacentral-01.azurewebsites.net"
"download-wink-frfphsdrdubfgkg4.z01.azurefd.net","loblaw-azure-downloadwink-com","download-wink","6001208a-rest-loblaw","/WinkRESTv6.00.12.08a/*","6001208a-rest-loblaw","wink-prod-app-winkrest-6001208a-loblaw-geexe4f2grhzfqdt.canadacentral-01.azurewebsites.net"
"download-wink-frfphsdrdubfgkg4.z01.azurefd.net","azurefd-downloadwink-com","download-wink","WinkHolderRESTv6001208b","/WinkHolderRESTv6.00.12.08b/*","6001208b-hold","wink-prod-app-winkhold-6001208b-can-central-bdceh6afgvcjhyfh.canadacentral-01.azurewebsites.net"
"download-wink-frfphsdrdubfgkg4.z01.azurefd.net","azurefd-downloadwink-com","download-wink","WinkRESTv6001208b","/WinkRESTv6.00.12.08b/*","6001208b-restfull","wink-prod-app-winkrest-6001208b-can-central-c3atesa8aybegyfa.canadacentral-01.azurewebsites.net"
"download-wink-frfphsdrdubfgkg4.z01.azurefd.net","loblaw-azure-downloadwink-com","download-wink","loblaw-6001208b-rest","/WinkRESTv6.00.12.08b/*","6001208b-rest-loblaw","wink-prod-app-winkrest-6001208b-loblaw-ehc7eydtbjhzf3da.canadacentral-01.azurewebsites.net"
"download-wink-frfphsdrdubfgkg4.z01.azurefd.net","specsavers-downloadwink-com","download-wink","WinkHolderRESTv600120b-ss","/WinkHolderRESTv6.00.12.08b/*","WinkHolderRESTv600120b-ss","wink-prod-app-hold-6001208b-ss-can-central-chdga4cwabewcugw.canadacentral-01.azurewebsites.net"
"download-wink-frfphsdrdubfgkg4.z01.azurefd.net","specsavers-downloadwink-com","download-wink","WinkRESTv6001208b-ss","/WinkRESTv6.00.12.08b/*","WinkRESTv6001208b-ss","wink-prod-app-winkrest-6001208b-ss-g4dpdbejhrfzfadh.canadacentral-01.azurewebsites.net"
"download-wink-frfphsdrdubfgkg4.z01.azurefd.net","loblaw-azure-downloadwink-com","download-wink","loblaw-6001208b-holder","/WinkHolderRESTv6.00.12.08b/*","6001208b-loblaw-hold","wink-prod-winkhold-6001208b-loblaw-g5h7d5brejakhqhg.canadacentral-01.azurewebsites.net"
"download-wink-frfphsdrdubfgkg4.z01.azurefd.net","azurefd-downloadwink-com","download-wink","WinkHolderRESTv6001209","/WinkHolderRESTv6.00.12.09/*","6001209-hold","wink-prod-app-winkhold-6001209-can-central-gnb0gdfta8ecdmg3.canadacentral-01.azurewebsites.net"
"download-wink-frfphsdrdubfgkg4.z01.azurefd.net","azurefd-downloadwink-com","download-wink","WinkRESTv6001209","/WinkRESTv6.00.12.09/*","6001209-rest-new-subscription","wink-prod-new-winkrest-6001209-can-central-fsgge3bbhkgef8e5.canadacentral-01.azurewebsites.net"
"download-wink-frfphsdrdubfgkg4.z01.azurefd.net","azurefd-downloadwink-com","download-wink","WinkHolderRESTv6001209a","/WinkHolderRESTv6.00.12.09a/*","6001209a-hold","wink-prod-app-winkhold-6001209a-can-central-f7fyc6d5a0ezghbj.canadacentral-01.azurewebsites.net"
"download-wink-frfphsdrdubfgkg4.z01.azurefd.net","azurefd-downloadwink-com","download-wink","WinkRESTv6001209a","/WinkRESTv6.00.12.09a/*","6001209a-rest","wink-prod-new-winkrest-6001209a-can-central-gga2bybchyg7gsbn.canadacentral-01.azurewebsites.net"
"download-wink-frfphsdrdubfgkg4.z01.azurefd.net","azurefd-downloadwink-com","download-wink","wink-prod-ehr-ss","/wink-ehr-ss/*","wink-prod-winkehr-ss","wink-prod-app-winkehr-ss-ajhsfaa4ezazd8g5.canadacentral-01.azurewebsites.net"
"download-wink-frfphsdrdubfgkg4.z01.azurefd.net","loblaw-azure-downloadwink-com","download-wink","6001209a-hold-loblaw","/WinkHolderRESTv6.00.12.09a/*","6001209a-hold-loblaw","wink-prod-winkhold-6001209a-loblaw-czc5fuf3adfyeucf.canadacentral-01.azurewebsites.net"
"download-wink-frfphsdrdubfgkg4.z01.azurefd.net","loblaw-azure-downloadwink-com","download-wink","6001209a-rest-loblaw","/WinkRESTv6.00.12.09a/*","6001209a-rest-loblaw","wink-prod-app-winkrest-6001209a-loblaw-dzc4cad2f2cqchep.canadacentral-01.azurewebsites.net"
"download-wink-frfphsdrdubfgkg4.z01.azurefd.net","azurefd-downloadwink-com","download-wink","WinkHolderRESTv6140","/WinkHolderRESTv6.14.0/*","6140-hold","wink-prod-winkhold-6140-c9c2bngzcgg8b0be.canadacentral-01.azurewebsites.net"
"download-wink-frfphsdrdubfgkg4.z01.azurefd.net","azurefd-downloadwink-com","download-wink","WinkRESTv6140","/WinkRESTv6.14.0/*","6140-restfull","wink-prod-app-winkrest-6140-eva2apdpbdareeaz.canadacentral-01.azurewebsites.net"
"download-wink-frfphsdrdubfgkg4.z01.azurefd.net","loblaw-azure-downloadwink-com","download-wink","6140-hold-loblaw","/WinkHolderRESTv6.14.0/*","6140-hold-loblaw","wink-prod-app-winkhold-6140-loblaw-afdjhzecbfaxd0dj.canadacentral-01.azurewebsites.net"
"download-wink-frfphsdrdubfgkg4.z01.azurefd.net","loblaw-azure-downloadwink-com","download-wink","6140-rest-loblaw","/WinkRESTv6.14.0/*","6140-rest-loblaw","wink-prod-app-winkrest-6140-loblaw-cwdjamfwbmcne7g5.canadacentral-01.azurewebsites.net"
"download-wink-frfphsdrdubfgkg4.z01.azurefd.net","specsavers-downloadwink-com","download-wink","WinkRESTv6140-ss","/WinkRESTv6.14.0/*","WinkRESTv6140-ss","wink-prod-app-winkrest-6140-ss-can-central-h0gze0cxdtbqemgq.canadacentral-01.azurewebsites.net"
"download-wink-frfphsdrdubfgkg4.z01.azurefd.net","specsavers-downloadwink-com","download-wink","WinkHolderRESTv6140-ss","/WinkHolderRESTv6.14.0/*","WinkHolderRESTv6140-ss","wink-prod-app-hold-6140-ss-can-central-aza4e8gnbbhea3f8.canadacentral-01.azurewebsites.net"
"download-wink-frfphsdrdubfgkg4.z01.azurefd.net","azurefd-downloadwink-com","download-wink","WinkHolderRESTv6150","/WinkHolderRESTv6.15.0/*","6150-hold","wink-prod-app-winkhold-6150-ekajgwfrcpbkg7h7.canadacentral-01.azurewebsites.net"
"download-wink-frfphsdrdubfgkg4.z01.azurefd.net","azurefd-downloadwink-com","download-wink","WinkRESTv6150","/WinkRESTv6.15.0/*","6150-restfull","wink-prod-app-winkrest-6150-h6adesaacagxgcew.canadacentral-01.azurewebsites.net"
"download-wink-frfphsdrdubfgkg4.z01.azurefd.net","nikon-integrated-wink-uat-downloadwink-com-8752","download-wink","nikon-integrated-wink-uat","/","nikon-integrated-wink-uat-private-link","wink-prod-winkweb-new-a4azh6bgdyfjc7gy.canadacentral-01.azurewebsites.net"
"download-wink-frfphsdrdubfgkg4.z01.azurefd.net","nikon-integrated-wink-uat-downloadwink-com-8752","download-wink","nikon-integrated-wink-uat2","/Web, /Web/*","nikon-integrated-wink-uat","wink-prod-winkweb-new-a4azh6bgdyfjc7gy.canadacentral-01.azurewebsites.net"
"download-wink-frfphsdrdubfgkg4.z01.azurefd.net","specsavers-downloadwink-com","download-wink","WinkRESTv6150-ss","/WinkRESTv6.15.0/*","WinkRESTv6150-ss","wink-prod-app-winkrest-6150-ss-can-central-etdgecd0emaeeuc9.canadacentral-01.azurewebsites.net"
"download-wink-frfphsdrdubfgkg4.z01.azurefd.net","specsavers-downloadwink-com","download-wink","WinkHolderRESTv6150-ss","/WinkHolderRESTv6.15.0/*","WinkHolderRESTv6150-ss","wink-prod-app-hold-6150-ss-can-central-dygmewexcccyb2c7.canadacentral-01.azurewebsites.net"
"download-wink-frfphsdrdubfgkg4.z01.azurefd.net","loblaw-azure-downloadwink-com","download-wink","6150-hold-loblaw","/WinkHolderRESTv6.15.0/*","6150-hold-loblaw","wink-prod-app-winkhold-6150-loblaw-f8h4cxaedzg0cke8.canadacentral-01.azurewebsites.net"
"download-wink-frfphsdrdubfgkg4.z01.azurefd.net","loblaw-azure-downloadwink-com","download-wink","6150-rest-loblaw","/WinkRESTv6.15.0/*","6150-rest-loblaw","wink-prod-app-winkrest-6150-loblaw-drc9e0esgmhah9ed.canadacentral-01.azurewebsites.net"
"download-wink-frfphsdrdubfgkg4.z01.azurefd.net","azurefd-downloadwink-com","download-wink","WinkHolderRESTv6160","/WinkHolderRESTv6.16.0/*","6160-hold","wink-prod-app-winkhold-6160-g2a2c4hscud8hpcd.canadacentral-01.azurewebsites.net"
"download-wink-frfphsdrdubfgkg4.z01.azurefd.net","azurefd-downloadwink-com","download-wink","WinkRESTv6160","/WinkRESTv6.16.0/*","6160-restfull","wink-prod-app-winkrest-6160-h4hxg6e2abhwhacd.canadacentral-01.azurewebsites.net"
"download-wink-frfphsdrdubfgkg4.z01.azurefd.net","azurefd-downloadwink-com","download-wink","wink-prod-winkehr-alpha","/wink-ehr-alpha/*","wink-prod-winkehr-alpha","wink-prod-app-winkehr-alpha-fhb2dkatb4e7a8hu.canadacentral-01.azurewebsites.net"
"download-wink-frfphsdrdubfgkg4.z01.azurefd.net","azurefd-downloadwink-com","download-wink","wink-prod-winkonlinebooking-back","/wink-ob/*","wink-prod-winkonlinebooking-back","wink-prod-app-winkonlinebooking-back-gzd0fwgeheguhaeg.canadacentral-01.azurewebsites.net"
"download-wink-frfphsdrdubfgkg4.z01.azurefd.net","visioffice-downloadwink-com-195f","download-wink","VisionWebWebService12","/VisionWebWebService12/*","VisionWebWebService12-app-service","wink-prod-app-visionwebwebservice-cueudzgpd9a4graw.canadacentral-01.azurewebsites.net"
"download-wink-frfphsdrdubfgkg4.z01.azurefd.net","azurefd-downloadwink-com","download-wink","WinkHolderRESTv6151","/WinkHolderRESTv6.15.1/*","6151-hold","wink-prod-app-winkhold-6151-encwafbggbaygbda.canadacentral-01.azurewebsites.net"
"download-wink-frfphsdrdubfgkg4.z01.azurefd.net","azurefd-downloadwink-com","download-wink","WinkRESTv6151","/WinkRESTv6.15.1/*","6151-restfull","wink-prod-app-winkrest-6151-gagnhpdef5fsfedm.canadacentral-01.azurewebsites.net"
"download-wink-frfphsdrdubfgkg4.z01.azurefd.net","essilor-integrated-wink-uat-downloadwink-com-ab98","download-wink","essilor-integrated-winkweb-uat","/*","nikon-integrated-wink-uat","wink-prod-winkweb-new-a4azh6bgdyfjc7gy.canadacentral-01.azurewebsites.net"
"download-wink-frfphsdrdubfgkg4.z01.azurefd.net","azurefd-downloadwink-com","download-wink","WinkHolderRESTv6170","/WinkHolderRESTv6.17.0/*","6170-hold","wink-prod-app-winkhold-6170-bqeqfgdfecg3dbc8.canadacentral-01.azurewebsites.net"
"download-wink-frfphsdrdubfgkg4.z01.azurefd.net","azurefd-downloadwink-com","download-wink","WinkRESTv6170","/WinkRESTv6.17.0/*","6170-restfull","wink-prod-app-winkrest-6170-gnbdb7d2h8f8g0d8.canadacentral-01.azurewebsites.net"
"download-wink-frfphsdrdubfgkg4.z01.azurefd.net","loblaw-azure-downloadwink-com","download-wink","6001207-rest-loblaw","/WinkRESTv6.17.0","6001207-rest-loblaw","wink-prod-app-winkrest-6170-loblaw-hygwcuacb5a9hbd9.canadacentral-01.azurewebsites.net"
"download-wink-frfphsdrdubfgkg4.z01.azurefd.net","specsavers-downloadwink-com, loblaw-azure-downloadwink-com","download-wink","6170-hold-ss","/WinkHolderRESTv6.17.0/*","6170-hold-ss","wink-prod-app-hold-6170-ss-can-central-fqbabtbwhrdzcjau.canadacentral-01.azurewebsites.net"
"download-wink-frfphsdrdubfgkg4.z01.azurefd.net","specsavers-downloadwink-com, loblaw-azure-downloadwink-com","download-wink","6170-rest-ss","/WinkRESTv6.17.0/*","6170-rest-ss","wink-prod-app-winkrest-6170-ss-can-central-anb9awf8atabh0b5.canadacentral-01.azurewebsites.net"
"download-wink-frfphsdrdubfgkg4.z01.azurefd.net","ecomm-cybersource-downloadwink-com-b697","download-wink","wink-ecomm-cyber-source","/wink-ecommV5/*","wink-ecomm-cyber-source","wink-prod-app-winkecomm-cb-can-central-g9cyh0amekg5hxdu.canadacentral-01.azurewebsites.net"
"download-wink-frfphsdrdubfgkg4.z01.azurefd.net","azurefd-downloadwink-com","download-wink","WinkHolderRESTv6180","/WinkHolderRESTv6.18.0/*","6180-hold","wink-prod-app-winkhold-6180-bedtd8fxbyfqf8am.canadacentral-01.azurewebsites.net"
"download-wink-frfphsdrdubfgkg4.z01.azurefd.net","azurefd-downloadwink-com","download-wink","6180-restfull","/WinkRESTv6.18.0/*","6180-restfull","wink-prod-app-winkrest-6180-frg0evevbvcqb9cm.canadacentral-01.azurewebsites.net"
"download-wink-frfphsdrdubfgkg4.z01.azurefd.net","loblaw-azure-downloadwink-com, specsavers-downloadwink-com","download-wink","6180-hold-ss","/WinkHolderRESTv6.18.0/*","6180-ss-app-services","wink-prod-app-hold-6180-ss-can-central-ckbqa7ahcudse7hj.canadacentral-01.azurewebsites.net"
"download-wink-frfphsdrdubfgkg4.z01.azurefd.net","specsavers-downloadwink-com, loblaw-azure-downloadwink-com","download-wink","6180-rest-ss","/WinkRESTv6.18.0/*","6180-rest-ss","wink-prod-app-winkrest-6180-ss-can-central-caa9e6gmcpg5g7bb.canadacentral-01.azurewebsites.net"
"download-wink-frfphsdrdubfgkg4.z01.azurefd.net","nexus-downloadwink-com-9827","download-wink","nexus-routing","/*","nexus-origin-group","4.248.204.182"
"download-wink-frfphsdrdubfgkg4.z01.azurefd.net","ecomm-zendesk-downloadwink-com-6352","download-wink","ecomm-zendesk","/wink-ecommV5/*","ecomm-zendesk","wink-prod-app-winkecomm56-can-central.azurewebsites.net"
"staticfiles-gdf5h9efa7bzbdbn.z01.azurefd.net","server9-downloadwink-com-8a46, server9-azure-downloadwink-com-73c5","staticfiles","staticfilesroute","/*","wink-staticfiles-origin-group","winkstaticstrg.z9.web.core.windows.net"
"wink-prod-ehr-front-geanhsaad8heb3an.z01.azurefd.net","emr-downloadwink-com-cba5","wink-prod-ehr-front","wink-prod-ehr-front","/*","ehr-front","wink-prod-app-winkehr-front-hcb9dvazfzcadbaf.canadacentral-01.azurewebsites.net"
"wink-prod-onlinebooking-front-fbeefghzctahggfp.z01.azurefd.net","onlinebookingv2-downloadwink-com-84ac","wink-prod-onlinebooking-front","wink-prod-onlinebooking-front","/*","onlinebooking-front","wink-prod-app-winkonlinebooking-front-esadafgagqhmf3bb.canadacentral-01.azurewebsites.net"
"wink-prod-codepush-ffahfycfbmbcfaba.z01.azurefd.net","wink-codepush-downloadwink-com-55db","wink-prod-codepush","wink-prod-codepush","/*","wink-prod-aks-gateway","10.112.158.4; 10.112.157.27"
"wink-prod-pms-d9cwfybyf8g6bkhd.z01.azurefd.net","nikon-integrated-wink-uat-test-downloadwink-com-24b9","wink-prod-pms","wink-prod-web-nikon-uat","/*","nikon-test-origin","wink-prod-winkweb-new-a4azh6bgdyfjc7gy.canadacentral-01.azurewebsites.net"
